track,date,race,post_position,horse_name,race_back,age_sex_restrictions,bris_2f_pace_fig,bris_4f_pace_fig,bris_6f_pace_fig,bris_8f_pace_fig,bris_late_pace_fig,bris_race_shape_first_call,bris_race_shape_second_call,bris_speed_rating,bris_track_code,days_since_prev_race,distance,eqb_abbrev_race_conditions,equipment,extended_start_comment,favorite_indicator,final_time,finish_between_lengths,finish_between_lengths_only,finish_position,first_call_between_lengths,first_call_between_lengths_only,first_call_position,fraction_1,fraction_2,fraction_2f,fraction_3,fraction_4f,fraction_5f,fraction_6f,fraction_8f,front_bandages_indicator,gate_call_position,jockey,medication,money_position,num_entrants,odds,pp_post_position,prev_all_weather_surface_flag,purse,race_classification,race_date,race_name,race_num,race_type,sealed_track_indicator,second_call_between_lengths,second_call_between_lengths_only,second_call_position,second_place_margin,second_place_name,second_place_weight,speed_rating,start_call_between_lengths,start_call_between_lengths_only,start_call_position,stretch_between_lengths,stretch_between_lengths_only,stretch_position,surface,third_place_margin,third_place_name,third_place_weight,track_code,track_condition,track_variant,trainer,trip_comment,weight,winner_margin,winner_name,winner_weight
PIM,2026-05-16,13,1,TAJ MAHAL,1,BON,101,111,101,,96,18,0,101,LRL,56,1980,FdrcoTesoB150k,b,04-18-26 Early speed; opened up backstretch; rail; pulled away; driving;,1,112.92,8.25,,1,10.00,,1,47.8,74.3,23.93,100.02,47.80,,74.30,100.02,0,8,RUSSELL SHELDON,0,1,10,1.20,10,,150000,FdrcoTesoB150k,20260418,Federico Tesio S.,11,N,,1.50,,1,1.25,WILD WARRIOR,124,84,4.00,,1,4.50,,1,D,1.75,LET'S GO LANDO,118,LRL,FT,27,RUSSELL BRITTANY T,Rail; driving,124,8.25,TAJ MAHAL,124
PIM,2026-05-16,13,1,TAJ MAHAL,2,BON,88,91,105,,87,0,8,97,LRL,15,1760,MirclWoodB100k,b,02-21-26 Cleared early;rate 2w;met outer 3/8;set down 1/4;drift;resolute,0,99.47,0.25,,1,1.00,,1,24.31,48.15,24.31,73.04,48.15,,73.04,,0,2,RUSSELL SHELDON,0,1,6,2.30,5,,100000,MirclWoodB100k,20260221,Miracle Wood S.,8,N,s,0.13,,1,3.75,LET'S GO LANDO,118,82,2.50,,1,0.13,,1,D,9.50,CLOSE THE GATE,118,LRL,MY,26,RUSSELL BRITTANY T,Met outer;drft;grimly,118,0.25,TAJ MAHAL,118
PIM,2026-05-16,13,1,TAJ MAHAL,3,BON,81,83,,,95,-3,-10,85,LRL,,1320,MdSpWt,b,02-06-26 Slow early; 4 wide turn; fanned 5 wide upper stretch; driving;,1,72.42,4.25,,1,4.50,4.50,6,23.47,47.72,23.47,59.93,47.72,59.93,,,0,6,RUSSELL SHELDON,1,1,6,1.50,2,,47705,MdSpWt,20260206,,3,S,,1.50,1.50,4,2.25,SIR GEORGE,124,83,,,6,1.00,,1,D,0.50,PONT AVEN,124,LRL,FT,20,RUSSELL BRITTANY T,Slow early;4-5w;drvng,124,4.25,TAJ MAHAL,124
PIM,2026-05-16,13,10,NAPOLEON SOLO,1,BON,98,101,104,,70,13,13,88,AQU,35,1980,WoodMem-G2,b,04-04-26 Hustled;inside pace;asked 2nd turn;headed ins3/16;grudgingly,0,111.71,2.75,2.75,5,0.50,,1,47.3,72.04,22.92,98.41,47.30,,72.04,98.41,0,2,LOPEZ PASCACIO,0,5,12,3.57,1,,750000,WoodMem-G2,20260404,Wood Memorial S. Presented by Resorts World Casino,12,G2,,0.13,,1,0.06,RIGHT TO PARTY,123,76,0.50,,1,0.50,0.50,2,D,1.25,OCELLI,123,AQU,FT,18,SUMMERS CHAD,Ins;headed ins3/16;wkn,123,1.25,ALBUS,123
PIM,2026-05-16,13,10,NAPOLEON SOLO,2,BON,89,95,101,,78,4,0,90,GP,147,1870,FntnOYth-G2,b,02-28-26 Reluctant load; awkward start; rushed 4path; empty lane,0,103.33,11.75,11.75,5,1.50,1.50,3,23.16,46.89,23.16,71.47,46.89,,71.47,96.67,0,9,CARMOUCHE K,0,5,9,3.40,6,,425000,FntnOYth-G2,20260228,Coolmore Fountain of Youth S.,14,G2,,0.50,0.50,3,2.00,CHIEF WALLABEE,120,81,1.50,1.50,3,4.25,4.25,4,D,8.75,SOLITUDE DUDE,122,GP,FT,13,SUMMERS CHAD,Awk st; 4path; empty,124,0.25,COMMANDMENT,122
PIM,2026-05-16,13,10,NAPOLEON SOLO,3,AON,93,107,120,,75,16,22,98,BAQ,57,1760,Champagn-G1,b,10-04-25 Brushed st; in hand 3p; tipped 4w uppr; roused; drew clear,0,94.57,6.50,,1,1.00,,1,22.53,44.24,22.53,67.88,44.24,,67.88,,0,4,ROSARIO JOEL,0,1,9,6.97,8,,500000,Champagn-G1,20251004,Champagne S.,7,G1,,2.50,,1,0.75,TALKIN,122,95,1.00,,1,5.00,,1,D,1.00,UNIVERSE,122,BAQ,FT,6,SUMMERS CHAD,Brushed st; drew clear,122,6.50,NAPOLEON SOLO,122
PIM,2026-05-16,13,10,NAPOLEON SOLO,4,AON,95,104,,,86,3,2,94,SAR,,1320,MdSpWt,b,08-08-25 Brk in step st; hustled; 2-3w in aim; up 4-3w upper; drew clear,0,71.14,5.25,,1,1.50,1.50,3,22.6,45.7,22.60,57.99,45.70,57.99,,,0,3,CARMOUCHE K,0,1,7,3.50,2,,80000,MdSpWt,20250808,,1,S,,0.13,,1,6.25,RUNNING ON BOURBON,119,88,,,3,1.50,,1,D,3.25,NEIGH BABY,119,SAR,FT,15,SUMMERS CHAD,4-3w upper; drew clear,119,5.25,NAPOLEON SOLO,119
PIM,2026-05-16,13,11,CORONA DE ORO,1,BON,85,83,89,,84,-4,-1,86,KEE,35,1870,Lexingtn-G3,,04-11-26 Bump st;set pace ins;vied ins foe 2nd;ins pair upr;bestd1/8;yield,0,104.51,3.00,3.00,3,0.50,,1,23.68,47.92,23.68,72.12,47.92,,72.12,97.71,0,6,HERNANDEZ B J JR,0,3,9,3.36,1,,400000,Lexingtn-G3,20260411,Stonestreet Lexington S.,10,G3,,0.13,,1,0.75,THE HELL WE DID,123,90,0.50,,1,0.25,0.25,3,D,4.00,CORONA DE ORO,123,KEE,FT,12,STEWART DALLAS,Ins;ins pair upr;yield,123,2.25,TRENDSETTER,123
PIM,2026-05-16,13,11,CORONA DE ORO,2,BUN,87,90,90,,90,2,-1,91,FG,42,1870,MdSpWt,,03-07-26 Off step slow; sent; disputed pace two wide; shook free; drew off,1,102.80,4.50,,1,0.13,,1,23.62,47.18,23.62,71.7,47.18,,71.70,96.09,0,4,HERNANDEZ B J JR,1,1,5,0.60,3,,54000,MdSpWt,20260307,,2,S,,0.13,,1,2.75,CROMWELL,125,97,0.13,,1,4.00,,1,D,0.00,DIAMOND EYED JACK,125,FG,FT,0,STEWART DALLAS,Stp slw;sent;drew off,117,4.50,CORONA DE ORO,117
PIM,2026-05-16,13,11,CORONA DE ORO,3,BON,85,84,,,98,-5,-9,88,FG,100,1320,MdSpWt,,01-24-26 Tracked between; moved up to press4w; gamely,1,69.84,0.50,0.50,2,2.00,2.00,3,22.38,45.89,22.38,57.61,45.89,57.61,,,0,7,HERNANDEZ B J JR,1,2,8,2.30,3,,54000,MdSpWt,20260124,,7,S,,2.50,2.50,4,8.50,CORONA DE ORO,120,92,,,7,0.50,0.50,2,D,0.75,SPECIAL OPS,120,FG,FT,10,STEWART DALLAS,Track; press4w; gamely,120,0.50,NOBLE AFFAIR,120
PIM,2026-05-16,13,11,CORONA DE ORO,4,AON,89,91,,,84,0,-3,84,KEE,34,1540,MdSpWt,,10-16-25 Chased 2p; up show btwn 3/16; stayed on,0,83.84,6.25,6.25,3,2.50,2.50,5,22.31,45.5,22.31,70.61,45.50,,70.61,,0,10,LEPAROUX JULIEN R,0,3,11,16.38,1,,110000,MdSpWt,20251016,,3,S,,3.50,3.50,5,3.25,GRAND SLAM SAM,119,82,,,10,4.00,4.00,3,D,3.50,CORONA DE ORO,119,KEE,FT,13,STEWART DALLAS,Chsd 2p;up shw btw3/16,119,3.00,CONFESSIONAL,119
PIM,2026-05-16,13,11,CORONA DE ORO,5,AON,78,73,,,87,-9,-8,69,CD,,1320,MdSpWt,,09-12-25 Chased 4p; 6p upper; mildly; lacked bid,0,70.90,4.75,4.75,7,2.25,2.25,6,23.05,46.42,23.05,58.11,46.42,58.11,,,0,9,HERNANDEZ B J JR,0,7,12,26.92,4,,120000,MdSpWt,20250912,,8,S,,5.00,5.00,7,0.50,FUZZBUSTER,119,81,,,9,6.00,6.00,6,D,0.13,STABLE HERO,119,CD,FT,11,STEWART DALLAS,4p;6p upr;mild;no bid,119,2.75,CABOURG,119
PIM,2026-05-16,13,12,INCREDIBOLT,1,BON,74,79,93,86,91,3,0,94,CD,49,2200,KyDerby-G1,,05-02-26 Tucked in; settled off rail; moved up; altered out; bumped; churn,0,122.27,4.00,4.00,6,7.75,7.75,14,46.44,70.9,22.68,96.45,46.44,,70.90,96.45,0,,TORRES JAIME A,0,6,18,23.70,9,,5000000,KyDerby-G1,20260502,Kentucky Derby presented by Woodford Reserve,12,G1,,6.00,6.00,11,0.75,RENEGADE,126,92,7.75,7.75,13,5.00,5.00,9,D,2.00,OCELLI,126,CD,FT,4,MOTT RILEY,Altered;bmped;kept on,126,0.25,GOLDEN TEMPO,126
PIM,2026-05-16,13,12,INCREDIBOLT,2,BON,84,76,80,,115,-13,-16,100,CNL,42,1980,VADerbyB500k,,03-14-26 Settled tracking pacesetter; angled in stretch; kicked clear,0,107.76,4.00,,1,1.50,1.50,4,47.15,71.33,23.49,95.74,47.15,,71.33,95.74,0,7,TORRES JAIME A,0,1,10,6.20,7,,500000,VADerbyB500k,20260314,Virginia Derby Presented by New Kent County,9,N,,2.00,2.00,5,0.25,GRITTINESS,123,94,1.50,1.50,4,0.50,0.50,2,D,2.25,CONFESSIONAL,123,CNL,FT,6,MOTT RILEY,Angled in;kicked clear,123,4.00,INCREDIBOLT,123
PIM,2026-05-16,13,12,INCREDIBOLT,3,BON,90,95,91,,53,17,18,69,GP,97,1870,HolyBull-G3,,01-31-26 In range inside; retreated,0,104.52,25.25,25.25,6,7.00,7.00,5,22.82,45.96,22.82,70.32,45.96,,70.32,97.42,0,5,TORRES JAIME A,0,6,6,3.80,1,,275000,HolyBull-G3,20260131,Holy Bull S.,12,G3,,12.00,12.00,5,2.75,BRAVARO,120,62,3.00,3.00,5,15.00,15.00,6,D,1.25,PROJECT ACE,118,GP,FT,13,MOTT RILEY,Rail; retreated,124,5.75,NEARLY,120
PIM,2026-05-16,13,12,INCREDIBOLT,4,AON,79,78,85,,99,0,-1,93,CD,28,1870,StretSns-G3,,10-26-25 Trailed 3p;advanced 3w2nd;4p upper;rally;brush 1/8;up 1/16;cleard,0,104.67,1.75,,1,5.50,5.50,7,24.29,48.83,24.29,73.4,48.83,,73.40,98.32,0,7,TORRES JAIME A,0,1,7,4.09,7,,200000,StretSns-G3,20251026,Street Sense S.,10,G3,,3.75,3.75,4,2.25,UNIVERSE,122,83,5.00,5.00,7,2.00,2.00,3,D,0.13,VERY CONNECTED,122,CD,FT,20,MOTT RILEY,3w;4p upr;rally;cleard,122,1.75,INCREDIBOLT,122
PIM,2026-05-16,13,12,INCREDIBOLT,5,AON,79,80,81,,91,-2,2,85,CD,37,1760,MdSpWt,,09-28-25 Stalked close up inside; took aim 2wd upper; drove past 1/16,0,96.29,2.00,,1,1.50,1.50,3,23.44,46.7,23.44,70.84,46.70,,70.84,,0,6,TORRES JAIME A,0,1,9,2.04,1,,120000,MdSpWt,20250928,,10,S,,3.00,3.00,3,3.00,CARSON STREET,119,86,2.50,2.50,3,0.13,0.13,2,D,0.75,SARTORIAL,119,CD,FT,10,MOTT RILEY,Ins;aim 2w;drove past,119,2.00,INCREDIBOLT,119
PIM,2026-05-16,13,12,INCREDIBOLT,6,AON,81,75,,,88,-1,-5,73,ELP,,1320,MdSpWt,,08-22-25 Far back 5p; stayed on; one paced,1,70.61,8.00,8.00,4,5.50,5.50,8,22.73,45.99,22.73,57.93,45.99,57.93,,,0,10,TORRES JAIME A,0,4,12,2.52,11,,100000,MdSpWt,20250822,,7,S,,8.00,8.00,7,3.75,ZAMBONI,119,79,,,10,6.25,6.25,7,D,1.75,FUZZBUSTER,119,ELP,FT,13,MOTT RILEY,5p;stayed on;one paced,119,2.50,FUEL,120
PIM,2026-05-16,13,13,GREAT WHITE,1,BON,90,93,105,,56,-2,1,80,KEE,42,1980,BlueGras-G1,,04-04-26 Set pace ins foe-2p; ins pair-rail 2nd; headed 3/8; wknd,0,109.58,22.25,22.25,5,0.13,,1,47.71,71.8,23.60,96.63,47.71,,71.80,96.63,0,6,ACHARD ALEX,0,5,7,7.13,2,,1250000,BlueGras-G1,20260404,Toyota Blue Grass S.,11,G1,,0.13,0.13,2,1.75,OTTINHO,123,74,0.50,,1,11.00,11.00,5,D,1.25,TALKIN,123,KEE,FT,8,ENNIS JOHN,2p-ins;ins pair2nd;wkn,123,11.00,FURTHER ADO,123
PIM,2026-05-16,13,13,GREAT WHITE,2,BON,92,92,89,,93,6,-3,92,TP,35,1870,JBttglaMmL175k,,02-21-26 Stalked 4-3p; bid 3w2nd; led 5/16; drove clear 1/8; held late,0,106.83,0.25,,1,1.00,1.00,3,23.88,48.84,23.88,74.65,48.84,,74.65,100.01,0,8,ACHARD ALEX,0,1,11,15.16,8,A,175000,JBttglaMmL175k,20260221,John Battaglia Memorial S.,9,N,,0.25,0.25,3,1.25,FULLEFFORT,122,77,1.50,1.50,3,1.50,,1,D,1.75,MAXIMUS PRIME,122,TP,FT,29,ENNIS JOHN,4-3p;bid 3w;clear;held,122,0.25,GREAT WHITE,122
PIM,2026-05-16,13,13,GREAT WHITE,3,BON,79,81,73,,89,7,1,79,TP,36,1760,LeonatusB125k,,01-17-26 Step slow/checked st; far back ins; 3-4p2nd; shifted in; improved,0,100.57,4.75,4.75,5,5.75,5.75,8,24.15,48.54,24.15,74.53,48.54,,74.53,,0,7,ACHARD ALEX,0,5,8,10.71,1,A,125000,LeonatusB125k,20260117,Leonatus S.,8,N,,6.25,6.25,7,2.00,FULLEFFORT,118,69,6.75,6.75,7,5.50,5.50,6,D,1.00,JUTLAND,118,TP,FT,27,ENNIS JOHN,Step slw/chk st;imprvd,118,1.00,STREET BEAST,124
PIM,2026-05-16,13,13,GREAT WHITE,4,AON,91,96,,,77,5,7,81,TP,,1320,MdSpWt,,12-12-25 Lunged start; unhurried; ran on in turn; rallied along to clear,0,70.37,2.25,,1,3.25,3.25,6,21.71,44.56,21.71,57.38,44.56,57.38,,,0,9,ACHARD ALEX,0,1,12,11.72,9,A,100000,MdSpWt,20251212,,5,S,,2.00,2.00,2,0.00,CANTERVILLE,119,89,,,9,1.50,1.50,2,D,1.50,GHETTO FANCY,119,TP,FT,11,ENNIS JOHN,Lunged st/drew clear,119,2.25,GREAT WHITE,119
PIM,2026-05-16,13,14,PRETTY BOY MIAH,1,BON,83,86,90,,91,-1,0,90,AQU,27,1760,SOC60000,b,04-25-26 Angled in;mvd out6-1/2;gain3/4;out pace;2p turn;ask1/4;drew clear,1,96.96,3.75,,1,0.13,0.13,2,23.64,46.64,23.64,71.4,46.64,,71.40,,0,2,SANTANA RICARDO JR,1,1,6,1.43,5,,60000,OC75000,20260425,,3,CO,,0.13,,1,2.75,ANYWAY,123,83,0.13,,1,1.00,,1,D,0.25,BOLD LOVE,123,AQU,FT,17,ENGLEHART JEREMIAH C,Out from3/4;2p;drw clr,123,3.75,PRETTY BOY MIAH,123
PIM,2026-05-16,13,14,PRETTY BOY MIAH,2,BON,98,108,,,82,2,6,95,AQU,46,1430,MdSpWt,b,03-29-26 Hustled st; dueled 3-2w; let out 2w 1/4p; drew off,0,76.58,6.50,,1,0.13,0.13,2,22.01,44.73,22.01,69.95,44.73,,69.95,,0,2,SANTANA RICARDO JR,1,1,8,4.02,7,,80000,MdSpWt,20260329,,5,S,,0.13,,1,2.50,GORDY,122,87,,,2,4.50,,1,D,1.00,SIR DUKE,122,AQU,FT,18,ENGLEHART JEREMIAH C,Dueled 3-2w; drew off,122,6.50,PRETTY BOY MIAH,122
PIM,2026-05-16,13,14,PRETTY BOY MIAH,3,BON,87,86,,,82,3,-1,78,AQU,41,1430,MdSpWt,,02-11-26 Lunge st; 5w backstretch; coaxed 2p 7/16; 6-7w upper; improved,0,79.30,8.75,8.75,4,5.00,5.00,7,22.75,46.98,22.75,72.87,46.98,,72.87,,0,8,FRANCO MANUEL,1,4,8,2.57,4,,80000,MdSpWt,20260211,,7,S,,6.50,6.50,6,2.50,COMPLEX CHARLIE,122,64,,,8,5.25,5.25,5,D,0.06,LORD KING,122,AQU,FT,26,ENGLEHART JEREMIAH C,Lunge st; improved,122,6.25,EASY DECISION,122
PIM,2026-05-16,13,14,PRETTY BOY MIAH,4,BON,94,92,,,93,0,-8,91,AQU,,1320,Moc75000,,01-01-26 Coaxed st; 4w in aim; vie 3w turn; 3w uppr; carried in; fought on,0,72.64,0.50,0.50,2,0.50,0.50,3,23.33,48.06,23.33,60.11,48.06,60.11,,,0,3,FRANCO MANUEL,0,2,5,1.76,5,,70000,Moc75000,20260101,,1,MO,,0.13,,1,19.75,PRETTY BOY MIAH,122,80,,,3,0.13,0.13,2,D,2.75,FINAL JOKE,122,AQU,FT,31,ENGLEHART JEREMIAH C,3w upper; fought on,122,0.50,WONDER MIST,122
PIM,2026-05-16,13,2,OCELLI,1,BON,63,69,88,90,93,3,0,97,CD,28,2200,KyDerby-G1,,05-02-26 Bmp/crowdd st;farbck 2w;gain 5p2nd;7w1/4;bmp;rally;up 1/16;outkck,0,122.27,1.00,1.00,3,12.00,12.00,16,46.44,70.9,22.68,96.45,46.44,,70.90,96.45,0,,GAFFALIONE TYLER,0,3,18,70.50,17,,5000000,KyDerby-G1,20260502,Kentucky Derby presented by Woodford Reserve,12,G1,,4.00,4.00,10,0.75,RENEGADE,126,95,13.00,13.00,17,2.00,2.00,2,D,2.00,OCELLI,126,CD,FT,4,BECKMAN D WHITWORTH,Crowdd;5-7p2nd;led lat,126,0.25,GOLDEN TEMPO,126
PIM,2026-05-16,13,2,OCELLI,2,BON,74,82,90,,86,13,13,90,AQU,21,1980,WoodMem-G2,,04-04-26 Brk out;bmpd;3-4p1st;settled out;urged 4-5p2nd;6p1/4;up show,0,111.71,1.25,1.25,3,9.00,9.00,10,47.3,72.04,22.92,98.41,47.30,,72.04,98.41,0,8,RAMOS JOSEPH D,0,3,12,28.21,5,,750000,WoodMem-G2,20260404,Wood Memorial S. Presented by Resorts World Casino,12,G2,,6.50,6.50,7,0.06,RIGHT TO PARTY,123,78,12.00,12.00,9,1.00,1.00,4,D,1.25,OCELLI,123,AQU,FT,18,BECKMAN D WHITWORTH,Bmp st;3-5p trns;6p1/4,123,1.25,ALBUS,123
PIM,2026-05-16,13,2,OCELLI,3,BON,83,74,81,,100,-13,-16,92,CNL,35,1980,VADerbyB500k,b,03-14-26 Outpaced five wide; moved closer turn; three wide stretch; flat,0,107.76,7.00,7.00,6,2.50,2.50,6,47.15,71.33,23.49,95.74,47.15,,71.33,95.74,0,2,RAMOS JOSEPH D,0,6,10,7.20,9,,500000,VADerbyB500k,20260314,Virginia Derby Presented by New Kent County,9,N,,1.50,1.50,4,0.25,GRITTINESS,123,87,2.25,2.25,7,0.50,0.50,3,D,2.25,CONFESSIONAL,123,CNL,FT,6,BECKMAN D WHITWORTH,Drift out 1/16; flat,123,4.00,INCREDIBOLT,123
PIM,2026-05-16,13,2,OCELLI,4,BON,82,74,81,,91,-10,-13,86,TAM,21,1870,SFDavisL250k,b,02-07-26 4p1st;midpack outside;4p2nd;bid3/8;flatten,0,103.54,9.25,9.25,6,3.50,3.50,7,23.8,48.3,23.80,72.81,48.30,,72.81,97.57,0,7,CENTENO D E,0,6,9,19.80,5,,250000,SFDavisL250k,20260207,Sam F. Davis S.,11,N,,1.50,1.50,3,2.25,WAYNE'S LAW,122,80,2.75,2.75,7,3.75,3.75,6,D,1.75,THE PUMA,122,TAM,FT,9,BECKMAN D WHITWORTH,4p;bid3/8;flatten,122,3.75,RENEGADE,122
PIM,2026-05-16,13,2,OCELLI,5,BON,87,82,76,,94,3,-6,85,FG,28,1870,MdSpWt,b,01-17-26 Mid pack 3w; loomed 5w; drifted in; weakened late,0,105.03,1.75,1.75,3,3.50,3.50,6,23.45,47.88,23.45,73.49,47.88,,73.49,98.39,0,9,CURTIS BEN,1,3,12,3.50,12,,60000,MdSpWt,20260117,,8,S,,2.50,2.50,5,0.50,KELZ,120,84,3.00,3.00,7,0.13,0.13,2,D,3.00,OCELLI,120,FG,FT,11,BECKMAN D WHITWORTH,Loom5w; drift; wknd,120,1.25,REAGAN'S HONOR,120
PIM,2026-05-16,13,2,OCELLI,6,AON,78,82,78,,89,4,0,83,FG,27,1870,MdSpWt,,12-20-25 Mid pack; adv 2nd; 6p; rallied,0,104.83,1.75,1.75,2,3.50,3.50,7,24,47.72,24.00,72.8,47.72,,72.80,98.33,0,6,CURTIS BEN,1,2,12,5.50,6,,55000,MdSpWt,20251220,,12,S,,3.75,3.75,6,1.50,OCELLI,120,84,4.25,4.25,8,1.75,1.75,6,D,0.75,LIBERTY VALANCE,120,FG,FT,11,BECKMAN D WHITWORTH,Adv; 6w; rallied,120,1.75,THUNDER BUCK,120
PIM,2026-05-16,13,2,OCELLI,7,AON,91,95,,,81,7,6,85,CD,,1430,MdSpWt,,11-23-25 Step slow start;off pace 3p btwn;ins upper;ran on;edged show late,0,77.34,3.25,3.25,3,5.00,5.00,10,22.16,45.3,22.16,70.58,45.30,,70.58,,0,10,RAMOS JOSEPH D,0,3,12,15.42,3,,120000,MdSpWt,20251123,,10,S,,4.75,4.75,7,1.75,BOSS DYLAN,119,84,,,10,5.00,5.00,5,D,0.25,OCELLI,119,CD,FT,14,BECKMAN D WHITWORTH,Step slw;3p;ran on ins,119,1.50,MOB,119
PIM,2026-05-16,13,3,CRUPPER,1,BON,87,89,84,,91,2,-5,89,OP,49,1980,BthHseRowB200k,b,04-18-26 Bump st;pace 3p; roused ins3/8; driven 2p lane; dug in stubbornly,0,110.89,0.50,,1,0.50,,1,47.65,73.1,23.22,98.28,47.65,,73.10,98.28,0,3,ALVARADO JUNIOR,0,1,8,6.80,7,,200000,BthHseRowB200k,20260418,Bathhouse Row S.,6,N,,1.00,,1,0.25,CHAD ALLAN,118,90,0.13,0.13,2,1.00,,1,D,3.25,HONEY'S TO BLAME,121,OP,FT,8,VON HEMEL DONNIE K,Bump st;3p-ins;dug in,118,0.50,CRUPPER,118
PIM,2026-05-16,13,3,CRUPPER,2,BON,80,78,76,,78,-1,1,76,OP,22,1870,OC150000NW1$X,b,02-28-26 Steady1st;in range inside;wait far turn;roused1/4;2p lane;kept on,0,105.84,2.25,2.25,3,1.50,1.50,4,23.62,47.95,23.62,72.95,47.95,,72.95,99.17,0,2,CEDILLO ABEL,1,3,8,15.20,1,,125000,OC150000n1x,20260228,,9,AO,,2.00,2.00,5,2.00,TOP LEVEL,117,78,2.50,2.50,4,4.00,4.00,5,D,1.50,CRUPPER,122,OP,FT,12,VON HEMEL DONNIE K,Stdy1st;ins-2p;kept on,122,0.25,EXOSOME,117
PIM,2026-05-16,13,3,CRUPPER,3,BON,92,97,95,,67,16,17,81,OP,35,1870,MdSpWt,b,02-06-26 Bump st; prompted2p; ridden far turn; bid4p upper; led; held sway,0,106.91,0.75,,1,1.00,1.00,2,23.36,47.45,23.36,72.54,47.45,,72.54,100.07,0,2,CEDILLO ABEL,1,1,11,16.80,7,,110000,MdSpWt,20260206,,7,S,,1.50,1.50,2,1.50,FLEEK,121,75,1.00,1.00,2,1.00,,1,D,0.25,JUST JO JO,121,OP,FT,19,VON HEMEL DONNIE K,Bump st;bid4p3/16;held,121,0.75,CRUPPER,121
PIM,2026-05-16,13,3,CRUPPER,4,BON,84,85,79,,83,7,1,79,OP,20,1760,MdSpWt,,01-02-26 4w 1st turn; 2nd flight; 3-4w into lane; lacked winning kick,0,99.79,2.25,2.25,3,2.00,2.00,4,23.18,47.68,23.18,73.29,47.68,,73.29,,0,6,CEDILLO ABEL,1,3,11,22.30,9,,100000,MdSpWt,20260102,,7,S,,2.25,2.25,4,0.75,DRAGONES,120,77,4.50,4.50,5,2.50,2.50,2,D,1.75,CRUPPER,120,OP,FT,19,VON HEMEL DONNIE K,4w 1st;no winning kick,120,1.50,SPIRIT OF ROYAL,120
PIM,2026-05-16,13,3,CRUPPER,5,AON,81,72,74,,72,16,-1,71,OP,29,1870,MdSpWt,,12-13-25 2nd flight; moved out tiring leader; slowly getting to runner up,0,106.24,7.25,7.25,3,13.00,13.00,4,23.14,46.93,23.14,73.79,46.93,,73.79,99.73,0,2,CEDILLO ABEL,0,3,12,13.00,3,,100000,MdSpWt,20251213,,7,S,,2.50,2.50,3,2.25,OWIE,120,72,6.50,6.50,4,6.50,6.50,4,D,1.75,CRUPPER,120,OP,FT,21,VON HEMEL DONNIE K,Slowly gaining 2nd,120,5.00,OUR MAGICAL MOON,120
PIM,2026-05-16,13,3,CRUPPER,6,AON,93,86,,,70,4,4,67,CD,,1320,MdSpWt,,11-14-25 Stalked pace 2 wide; between 5/16; faded,0,71.27,6.00,6.00,6,1.00,1.00,2,22.35,45.7,22.35,58.07,45.70,58.07,,,0,6,CEDILLO ABEL,0,6,12,107.23,2,,120000,MdSpWt,20251114,,8,S,,4.00,4.00,6,0.50,PRIZE PICK,119,78,,,6,5.25,5.25,8,D,3.00,TIZ AUTHORITY,119,CD,FT,13,VON HEMEL DONNIE K,Stalk2w;btwn5/16;faded,119,2.00,SURE TO APPEAL,119
PIM,2026-05-16,13,4,ROBUSTA,1,BON,81,82,92,75,75,3,0,79,CD,28,2200,KyDerby-G1,b,05-02-26 Bump start; off pace 5p; 6p9/16; faded 5p2nd,0,122.27,17.50,17.50,14,6.00,6.00,11,46.44,70.9,22.68,96.45,46.44,,70.90,96.45,0,,TORRES CRISTIAN A,0,14,18,70.01,18,,5000000,KyDerby-G1,20260502,Kentucky Derby presented by Woodford Reserve,12,G1,,11.00,11.00,17,0.75,RENEGADE,126,79,4.25,4.25,11,17.00,17.00,14,D,2.00,OCELLI,126,CD,FT,4,O'NEILL DOUG,Bump st;5p;faded 2nd,126,0.25,GOLDEN TEMPO,126
PIM,2026-05-16,13,4,ROBUSTA,2,BON,88,100,103,,66,6,0,85,SA,28,1980,SADerby-G1,b,04-04-26 Bobbled; dueled outside; between 1/4; folded,0,109.01,16.00,16.00,7,0.13,,1,46.79,71.11,23.03,96.16,46.79,,71.11,96.16,0,3,JARAMILLO E,0,7,7,8.20,4,,500000,SADerby-G1,20260404,Santa Anita Derby,10,G1,,0.13,0.13,2,6.75,POTENTE,124,77,0.13,0.13,2,4.50,4.50,4,D,0.50,VITRUVIAN MAN,124,SA,FT,8,O'NEILL DOUG,Bobbled;duel2w;folded,124,2.75,SO HAPPY,124
PIM,2026-05-16,13,4,ROBUSTA,3,BON,91,99,110,,81,10,13,97,SA,28,1870,SnFelipe-G2,b,03-07-26 Up close 3deep; vied 3deep 2nd; led 1/4; cleared upper; nailed,0,102.92,0.13,0.13,2,1.00,1.00,3,22.88,46.62,22.88,70.42,46.62,,70.42,96.22,0,3,JARAMILLO E,0,2,7,67.30,7,,200000,SnFelipe-G2,20260307,San Felipe S. presented by DK Horse,8,G2,,0.25,0.25,3,2.25,ROBUSTA,120,95,1.00,1.00,3,1.00,,1,D,1.25,SO HAPPY,120,SA,FT,8,O'NEILL DOUG,Bid3deep;clear;nailed,120,0.13,POTENTE,120
PIM,2026-05-16,13,4,ROBUSTA,4,BON,84,84,94,,79,-4,2,84,SA,29,1760,RBLewis-G3,,02-07-26 Up close 4deep; pressed 3deep; chased 3wide; weakened,0,97.02,7.25,7.25,6,0.75,0.75,4,23.49,47.65,23.49,71.35,47.65,,71.35,,0,1,JARAMILLO E,0,6,7,36.20,6,,100000,RBLewis-G3,20260207,Robert B. Lewis S.,8,G3,,1.00,1.00,3,3.25,INTREPIDO,124,82,0.75,0.75,4,4.00,4.00,4,D,0.06,SECURED FREEDOM,120,SA,FT,11,O'NEILL DOUG,4-3deep; weakened,120,0.75,PLUTARCH,120
PIM,2026-05-16,13,4,ROBUSTA,5,BON,77,69,78,,99,-17,-10,88,SA,48,1760,MdSpWt,,01-09-26 Pace inside; cleared; kicked away 2nd; held,0,95.73,0.50,,1,1.00,,1,23.77,48.14,23.77,71.39,48.14,,71.39,,0,1,JARAMILLO E,1,1,5,24.80,3,,70000,MdSpWt,20260109,,3,S,,2.00,,1,0.50,CHEROKEE NATION,122,96,1.00,,1,1.50,,1,D,0.25,BLACKSMITH,122,SA,FT,8,O'NEILL DOUG,Kicked away; held late,122,0.50,ROBUSTA,122
PIM,2026-05-16,13,4,ROBUSTA,6,AON,85,92,,,75,-7,-6,78,DMR,,1430,MdSpWt,,11-22-25 Vied between; weakened,0,76.09,8.00,8.00,7,1.00,1.00,2,22.49,45,22.49,69.65,45.00,,69.65,,0,1,FREY KYLE,0,7,10,70.20,5,,60000,MdSpWt,20251122,,9,S,,0.13,0.13,2,4.50,WINSTON AVE,122,85,,,1,4.00,4.00,5,D,0.25,CACTUS CHARLIE,122,DMR,FT,14,O'NEILL DOUG,Vied between;weakened,122,0.75,SO HAPPY,122
PIM,2026-05-16,13,5,TALKIN,1,BON,88,89,99,,81,-2,1,91,KEE,28,1980,BlueGras-G1,,04-04-26 Stalked ins; chased 3p2nd; 4p1/4; ran on; place bid 1/8; outkickd,0,109.58,12.75,12.75,3,1.75,1.75,4,47.71,71.8,23.60,96.63,47.71,,71.80,96.63,0,1,ROSARIO JOEL,0,3,7,11.39,1,,1250000,BlueGras-G1,20260404,Toyota Blue Grass S.,11,G1,,3.00,3.00,4,1.75,OTTINHO,123,83,1.00,1.00,3,9.00,9.00,3,D,1.25,TALKIN,123,KEE,FT,8,GARGAN DANNY,Ins;4p1/4;plc bid;outk,123,11.00,FURTHER ADO,123
PIM,2026-05-16,13,5,TALKIN,2,BON,90,91,91,,82,4,0,87,TAM,91,1870,TamDby-G3,,03-07-26 2p1st;track inside;2p2nd;outkicked,0,103.23,5.00,5.00,5,1.00,1.00,2,23.07,46.68,23.07,71.27,46.68,,71.27,96.47,0,2,ROSARIO JOEL,0,5,9,19.00,2,,400000,TamDby-G3,20260307,ESMARK Tampa Bay Derby,11,G3,,0.75,0.75,4,0.13,FURTHER ADO,122,85,1.50,1.50,2,3.25,3.25,5,D,2.00,CANALETTO,122,TAM,FT,8,GARGAN DANNY,Track;2p;outkicked,122,0.75,THE PUMA,122
PIM,2026-05-16,13,5,TALKIN,3,AON,91,97,99,,56,12,6,78,AQU,63,1980,Remsen-G2,,12-06-25 4w 1st turn; chased 4w; coaxed 3/8; 4-5w upper; tired,0,110.97,18.50,18.50,9,2.50,2.50,4,47.47,72.53,23.32,98.25,47.47,,72.53,98.25,0,11,CARMOUCHE K,0,9,11,4.20,11,,250000,Remsen-G2,20251206,Remsen S.,9,G2,,2.25,2.25,5,1.50,RENEGADE,118,67,2.50,2.50,4,11.00,11.00,9,D,3.50,BALBOA,122,AQU,FT,12,GARGAN DANNY,4w both turns; tired,118,2.00,PALADIN,118
PIM,2026-05-16,13,5,TALKIN,4,AON,87,99,103,,79,16,22,90,BAQ,35,1760,Champagn-G1,,10-04-25 5w backstretch; coaxed ins 7/16; angled 7w upper; mild kick,0,94.57,6.50,6.50,2,4.00,4.00,7,22.53,44.24,22.53,67.88,44.24,,67.88,,0,5,CARMOUCHE K,0,2,9,7.07,9,,500000,Champagn-G1,20251004,Champagne S.,7,G1,,8.50,8.50,4,0.75,TALKIN,122,88,2.75,2.75,6,8.00,8.00,3,D,1.00,UNIVERSE,122,BAQ,FT,6,GARGAN DANNY,7w upper; mild kick,122,6.50,NAPOLEON SOLO,122
PIM,2026-05-16,13,5,TALKIN,5,AON,95,106,,,79,4,11,92,SAR,,1540,MdSpWt,,08-30-25 Hustled;guided out;chsd;4p-ins turn;2p1/4;mvd out;chased;up late,0,83.63,0.25,,1,2.00,2.00,3,22.37,44.62,22.37,69.62,44.62,,69.62,,0,1,CARMOUCHE K,0,1,8,9.30,3,,100000,MdSpWt,20250830,,6,S,,2.00,2.00,4,6.00,STRADALE,119,86,,,1,3.00,3.00,2,D,0.50,FURTHER ADO,119,SAR,FT,12,GARGAN DANNY,4p-ins trn;mvd out;up,119,0.25,TALKIN,119
PIM,2026-05-16,13,6,CHIP HONCHO,1,BON,96,104,104,,70,14,4,89,FG,35,2090,LaDerby-G2,,03-21-26 Close up 3wd early; stalked to 1/2; vied 2nd turn; faded stretch,0,115.18,11.50,11.50,5,1.50,1.50,3,46.23,70.85,22.65,96.47,46.23,,70.85,96.47,0,3,SAEZ LUIS,0,5,9,2.10,3,,1000000,LaDerby-G2,20260321,Twinspires.com Louisiana Derby,12,G2,,1.00,1.00,3,1.00,PAVLOVIAN,122,93,0.25,0.25,3,3.50,3.50,4,D,5.50,GOLDEN TEMPO,122,FG,FT,0,ASMUSSEN STEVEN M,Stalk 3w;faded stretch,122,0.13,EMERGING MARKET,122
PIM,2026-05-16,13,6,CHIP HONCHO,2,BON,89,96,102,,88,5,5,97,FG,28,1980,RisenStr-G2,,02-14-26 Set pace off rail to quarter; dug in stretch; game; bested,0,109.14,0.50,0.50,2,2.00,,1,47.49,71.53,23.81,96.37,47.49,,71.53,96.37,0,4,SAEZ LUIS,0,2,8,7.40,5,,500000,RisenStr-G2,20260214,Fasig-Tipton Risen Star S.,12,G2,,0.50,,1,5.50,CHIP HONCHO,122,93,1.50,,1,2.00,,1,D,1.75,GOLDEN TEMPO,122,FG,FT,4,ASMUSSEN STEVEN M,Pace 2p;dug in;bested,122,0.50,PALADIN,122
PIM,2026-05-16,13,6,CHIP HONCHO,3,BON,89,96,97,,75,11,10,86,FG,28,1870,Lecomte-G3,b,01-17-26 Step slow; 5w 1st turn; stalked 3w; out-finished,0,104.98,1.75,1.75,4,0.50,0.50,3,23.72,47.11,23.72,71.89,47.11,,71.89,98.25,0,8,LOPEZ PASCACIO,0,4,10,8.90,10,,250000,Lecomte-G3,20260117,Lecomte S.,13,G3,,0.50,0.50,3,0.25,MESQUITE,122,85,0.50,0.50,2,0.50,0.50,2,D,0.75,CARSON STREET,122,FG,FT,11,ASMUSSEN STEVEN M,Slow; 5wturn; stalk3w,122,0.75,GOLDEN TEMPO,122
PIM,2026-05-16,13,6,CHIP HONCHO,4,AON,89,99,103,,68,15,19,85,FG,30,1870,GunRunnerL100k,b,12-20-25 Pressed; tight rein backstretch; closed 1/16; in time,0,104.76,0.75,,1,0.50,0.50,2,23.62,46.66,23.62,70.98,46.66,,70.98,97.28,0,3,LOPEZ PASCACIO,0,1,6,3.90,1,,100000,GunRunnerL100k,20251220,Gun Runner S.,11,N,,0.50,0.50,2,0.13,LIBERTY NATIONAL,122,87,1.00,1.00,2,1.00,1.00,2,D,0.25,CROWN THE BUCKEYE,122,FG,FT,11,ASMUSSEN STEVEN M,Press; closed; in time,122,0.75,CHIP HONCHO,122
PIM,2026-05-16,13,6,CHIP HONCHO,5,AON,92,95,91,,79,11,7,84,CD,35,1760,MdSpWt,,11-20-25 Clear early; drifted in 3/4; cleared again; dug in upr; held firm,1,97.60,1.25,,1,2.50,,1,22.84,45.92,22.84,71.22,45.92,,71.22,,0,8,ORTIZ JOSE L,0,1,11,1.70,2,,120000,MdSpWt,20251120,,10,S,s,1.50,,1,0.75,MARAUDER,119,79,0.50,,1,0.50,,1,D,4.00,FUZZBUSTER,119,CD,MY,19,ASMUSSEN STEVEN M,Drft 3/4;clrd;held frm,119,1.25,CHIP HONCHO,119
PIM,2026-05-16,13,6,CHIP HONCHO,6,AON,88,94,,,88,-2,-6,90,KEE,,1540,MdSpWt,,10-16-25 Step slow;advanced;press 3w;bid;no match 1/8;dueld place;prevaild,0,83.71,2.75,2.75,2,2.50,2.50,4,22.47,45.7,22.47,70.32,45.70,,70.32,,0,6,ASMUSSEN KEITH J,0,2,8,8.92,2,,110000,MdSpWt,20251016,,6,S,,1.00,1.00,3,0.25,CHIP HONCHO,119,86,,,6,2.00,2.00,2,D,7.25,FUZZBUSTER,119,KEE,FT,13,ASMUSSEN STEVEN M,Stp slw;bid3w;duel plc,119,2.75,DR. KAPUR,119
PIM,2026-05-16,13,7,THE HELL WE DID,1,BON,84,82,89,,85,-4,-1,87,KEE,27,1870,Lexingtn-G3,,04-11-26 Pressed 2wd btwn;vied 2nd;dueled btwn upper;outkicked;edged place,0,104.51,2.25,2.25,2,0.50,0.50,2,23.68,47.92,23.68,72.12,47.92,,72.12,97.71,0,2,SAEZ LUIS,0,2,9,5.08,5,,400000,Lexingtn-G3,20260411,Stonestreet Lexington S.,10,G3,,0.13,0.13,2,0.75,THE HELL WE DID,123,91,0.50,0.50,2,0.13,0.13,2,D,4.00,CORONA DE ORO,123,KEE,FT,12,FINCHER TODD W,Press 2wd;vied;outkckd,123,2.25,TRENDSETTER,123
PIM,2026-05-16,13,7,THE HELL WE DID,2,BUN,80,84,,,103,3,-6,93,SUN,110,1320,Alw28800NW2L,,03-15-26 Settled to turn; loomed 3/16; romped stretch; geared down,1,68.17,13.00,,1,9.00,9.00,4,21.52,44.32,21.52,56.68,44.32,56.68,,,0,3,VALENZUELA LUIS A,1,1,6,1.10,4,,28800,Alw28800n2l,20260315,,2,A,,5.50,5.50,3,0.13,FIRE BREATHER,124,103,,,3,3.00,,1,D,3.75,ANGEL'S SHADOWS,124,SUN,FT,9,FINCHER TODD W,Loomed 3/16;romped,121,13.00,THE HELL WE DID,121
PIM,2026-05-16,13,7,THE HELL WE DID,3,AON,91,89,,,84,1,-3,81,ZIA,40,1320,ZIAJuvnleB100k,,11-25-25 Chase outside;2-3p;kept on,0,69.82,3.75,3.75,2,1.75,1.75,5,22.08,45.14,22.08,57,45.14,57.00,,,0,6,JUAREZ A J JR,0,2,10,2.30,8,,100000,ZIAJuvnleB100k,20251125,Zia Park Juvenile S.,5,N,,2.25,2.25,5,2.75,THE HELL WE DID,118,83,,,6,2.00,2.00,2,D,1.25,STRETCH,118,ZIA,FT,14,FINCHER TODD W,Chase;2-3p;kept on,118,3.75,WALTER THE MASON,118
PIM,2026-05-16,13,7,THE HELL WE DID,4,AON,88,84,,,81,0,-4,74,RP,,1320,MdSpWt,b,10-16-25 Settled; rallied; 3 wide turn; dueled; 2w stretch; prevailed;,1,71.41,0.25,,1,1.00,1.00,3,22.43,45.8,22.43,58.2,45.80,58.20,,,0,7,CABRERA DAVID,0,1,12,2.20,2,,38000,MdSpWt,20251016,,8,S,,0.50,0.50,2,3.25,MAKESHIFT'S LEGACY,118,86,,,7,0.13,,1,D,1.50,SPEED IT UP,118,RP,FT,12,FINCHER TODD W,3w turn; duel 2w; best,118,0.25,THE HELL WE DID,118
PIM,2026-05-16,13,8,BULL BY THE HORNS,1,BON,79,75,82,,89,10,8,85,TP,21,1870,RushawayB250k,,03-21-26 Brushed start; trailed 3p; rallied 6p3/16; bid; dueled; prevailed,0,105.76,0.50,,1,9.75,9.75,7,23.57,48.02,23.57,72.94,48.02,,72.94,99.14,0,7,VELAZQUEZ J R,0,1,7,4.41,7,A,250000,RushawayB250k,20260321,Rushaway S.,8,N,,5.75,5.75,7,3.25,STEEL IMPERIUM,118,83,7.25,7.25,7,0.13,,1,D,0.13,TRENDSETTER,122,TP,FT,14,JOSEPH SAFFIE A JR,3p;rally 6p3/16;dueled,118,0.50,BULL BY THE HORNS,118
PIM,2026-05-16,13,8,BULL BY THE HORNS,2,BON,81,87,88,,75,4,0,80,GP,43,1870,FntnOYth-G2,,02-28-26 Failed to menace; 4-3wd,0,103.33,19.75,19.75,7,5.75,5.75,9,23.16,46.89,23.16,71.47,46.89,,71.47,96.67,0,8,HUSBANDS MICAH J,0,7,9,88.00,7,,425000,FntnOYth-G2,20260228,Coolmore Fountain of Youth S.,14,G2,,7.25,7.25,8,2.00,CHIEF WALLABEE,120,73,5.75,5.75,9,9.75,9.75,8,D,8.75,SOLITUDE DUDE,122,GP,FT,13,JOSEPH SAFFIE A JR,Failed to menace; 4-3w,120,0.25,COMMANDMENT,122
PIM,2026-05-16,13,8,BULL BY THE HORNS,3,BON,79,80,81,,86,1,-1,83,TAM,76,1800,OC75000NW1X,,01-16-26 Chase3p; ridden1/2; urged far turn; carry7p upr; kept on for show,0,100.63,3.25,3.25,3,2.50,2.50,4,24.13,47.87,24.13,72.58,47.87,,72.58,98.18,0,5,MARIN SAMUEL,1,3,6,2.90,3,,55500,OC75000n1x,20260116,,2,AO,,2.00,2.00,4,0.25,DAY ONE STARTER,118,84,3.50,3.50,5,5.00,5.00,4,D,1.25,BULL BY THE HORNS,118,TAM,FT,18,JOSEPH SAFFIE A JR,3p;ridden1/2; 7p upper,118,3.00,KHON HAN,118
PIM,2026-05-16,13,8,BULL BY THE HORNS,4,AON,75,72,72,,94,-6,-7,81,GP,36,1760,MdSpWt,,11-01-25 Settled; loomed 3wide 1/4; led 1/8; drew off in hand; much best,1,98.76,6.50,,1,2.50,2.50,5,24.92,48,24.92,73.01,48.00,,73.01,,0,3,HUSBANDS MICAH J,0,1,8,1.40,2,,70000,MdSpWt,20251101,,5,S,,1.00,1.00,2,0.75,PAX MUNDI,120,76,2.00,2.00,5,1.50,,1,D,5.50,THOUSAND SPIRITS,120,GP,FT,25,JOSEPH SAFFIE A JR,Loomed 3w;drew off,120,6.50,BULL BY THE HORNS,120
PIM,2026-05-16,13,8,BULL BY THE HORNS,5,AON,76,67,,,91,-11,-16,72,GP,,1540,MdSpWt,,09-26-25 Bit tight btwn early; swung 4wide upper; stayed on late; clear 3d,1,83.63,4.50,4.50,3,2.00,2.00,4,23.25,46.43,23.25,70.75,46.43,,70.75,,0,5,HUSBANDS MICAH J,0,3,6,1.10,4,,70000,MdSpWt,20250926,,4,S,,4.50,4.50,5,3.00,PAX MUNDI,120,85,,,5,5.50,5.50,3,D,10.75,BULL BY THE HORNS,120,GP,FT,10,JOSEPH SAFFIE A JR,Shuffled;swung 4w 3/16,120,1.50,FREAKY NEEKS,120
PIM,2026-05-16,13,9,IRON HONOR,1,BON,94,98,99,,71,13,13,86,AQU,35,1980,WoodMem-G2,b,04-04-26 Bmpd 1m;4p1st;stalkd out;chsd 2-4p2nd turn;5p1/4;bid;wknd,1,111.71,4.25,4.25,7,1.50,1.50,3,47.3,72.04,22.92,98.41,47.30,,72.04,98.41,0,3,FRANCO MANUEL,0,7,12,2.95,12,,750000,WoodMem-G2,20260404,Wood Memorial S. Presented by Resorts World Casino,12,G2,,2.00,2.00,3,0.06,RIGHT TO PARTY,123,75,2.00,2.00,3,1.25,1.25,5,D,1.25,OCELLI,123,AQU,FT,18,BROWN CHAD C,Bmp1m;4p1st;2-4p2nd;5p,123,1.25,ALBUS,123
PIM,2026-05-16,13,9,IRON HONOR,2,BON,96,103,110,,80,14,16,95,AQU,77,1760,Gotham-G3,b,02-28-26 Bump btw st; vied 4-3w; coaxed 5/16; 5w uppr; up 1/8; inched away,1,97.94,1.00,,1,0.13,0.13,2,23.09,46.3,23.09,71.45,46.30,,71.45,,0,3,FRANCO MANUEL,0,1,8,0.94,6,,300000,Gotham-G3,20260228,Gotham S.,10,G3,,0.50,0.50,2,6.50,CROWN THE BUCKEYE,123,78,0.13,,1,0.13,,1,D,2.50,RIGHT TO PARTY,123,AQU,GD,24,BROWN CHAD C,Bump btw st; inched cl,123,1.00,IRON HONOR,123
PIM,2026-05-16,13,9,IRON HONOR,3,AON,93,102,,,93,1,-1,99,AQU,,1320,MdSpWt,b,12-13-25 Hustled;chased outside;2-3path turn;bid3/16;dueled;prevailed,0,71.23,1.50,,1,2.50,2.50,2,22.79,46.5,22.79,58.71,46.50,58.71,,,0,2,FRANCO MANUEL,0,1,7,5.66,2,,85000,MdSpWt,20251213,,3,S,,1.00,1.00,2,7.50,CROSSINGTHECHANNEL,119,88,,,2,0.13,0.13,2,D,2.75,RIGHT TO PARTY,119,AQU,FT,19,BROWN CHAD C,2-3p trn;bid;duel;best,119,1.50,IRON HONOR,119
